{
    "202011": {
        "consonanze": {
            "ES": 3,
            "EU": 2,
            "FR": 26,
            "IT": 599,
            "SC": 2,
            "GB": 17,
            "DE": 28,
            "US": 20,
            "AT": 8,
            "CN": 4,
            "": 592,
            "GR": 4,
            "PL": 9,
            "AR": 11,
            "BE": "2",
            "CA": 19,
            "CD": "2",
            "CH": 7,
            "IN": 110,
            "MY": 9,
            "PK": 9,
            "RO": "1",
            "RU": "2",
            "SA": "2",
            "SE": "4",
            "TW": 3,
            "VA": 3,
            "CO": "1",
            "HU": "8",
            "AU": "1",
            "TR": "1",
            "ID": "44",
            "NP": "2",
            "PE": "2",
            "NO": "1",
            "MX": "1",
            "BR": "1",
            "SG": "2",
            "JP": "1"
        },
        "statoechiese": {
            "AU": 18,
            "ES": 103,
            "FR": 269,
            "GB": 200,
            "IL": 5,
            "IN": 27,
            "IT": 6608,
            "NL": 23,
            "TR": 9,
            "US": 509,
            "CN": 491,
            "PT": 22,
            "CA": 63,
            "AT": 6,
            "": 5326,
            "CH": 60,
            "DE": 665,
            "RU": 32,
            "SE": 34,
            "MT": 22,
            "BE": 49,
            "LT": 7,
            "GR": 5,
            "AL": "4",
            "AR": 3,
            "BD": "2",
            "BG": "2",
            "BJ": "2",
            "BR": 15,
            "CM": "2",
            "CZ": 15,
            "DJ": "1",
            "DK": 15,
            "EG": "1",
            "EU": "9",
            "FI": 3,
            "HR": 5,
            "HU": "2",
            "ID": 7,
            "IE": "2",
            "IR": "1",
            "JP": 8,
            "KE": "1",
            "KG": "1",
            "KR": 4,
            "KZ": 2,
            "MA": "2",
            "MK": "1",
            "MX": 21,
            "MY": 6,
            "MZ": "2",
            "PE": 8,
            "PH": "5",
            "PK": 5,
            "PL": 46,
            "QA": 2,
            "RO": 15,
            "RS": "1",
            "RW": "1",
            "SA": "1",
            "SI": 3,
            "SK": 2,
            "SY": "1",
            "UA": 8,
            "VA": 24,
            "AE": "1",
            "JO": "1",
            "CO": 11,
            "MD": "1",
            "SV": 2,
            "NA": "6",
            "VN": "1",
            "NP": 2,
            "TJ": "1",
            "JM": "2",
            "UY": "2",
            "EC": 5,
            "ZA": 3,
            "SM": "1",
            "CR": 2,
            "CL": "1",
            "BA": "1",
            "SG": "1",
            "BY": "3",
            "HK": "1",
            "LU": "1"
        },
        "groundbreaking": {
            "DK": "1",
            "IT": 1191,
            "US": 41,
            "GB": 35,
            "AT": 2,
            "": 449,
            "DE": 32,
            "AR": "1",
            "BE": "2",
            "CH": "2",
            "EU": "3",
            "FR": 43,
            "KR": "3",
            "PL": 7,
            "RU": "1",
            "RO": "1",
            "HK": "1",
            "CN": "1",
            "EG": "2",
            "NL": "1",
            "HR": "1",
            "CA": "2",
            "IN": "1",
            "JO": "1"
        },
        "cinemaetcie": [],
        "SED": {
            "ES": 17,
            "FR": 78,
            "IT": 2965,
            "PE": 6,
            "PT": 6,
            "SC": "4",
            "SE": 4,
            "US": 135,
            "GB": 53,
            "AT": 2,
            "": 1769,
            "DE": 21,
            "BR": "1",
            "CH": 4,
            "CV": "1",
            "DK": "4",
            "EG": "2",
            "EU": "1",
            "HR": "1",
            "IN": 2,
            "MX": 23,
            "NG": "3",
            "NL": "2",
            "PH": "1",
            "PL": 17,
            "RO": "5",
            "RU": "4",
            "UA": "4",
            "VE": 2,
            "NZ": "1",
            "RS": "2",
            "PA": "1",
            "AR": "1",
            "HK": "1",
            "LK": "3",
            "BE": 2,
            "BO": "2",
            "CO": "1",
            "DO": "6",
            "HN": "2",
            "IE": "1",
            "TR": "1",
            "CN": "22",
            "CL": "2"
        },
        "aoqu": {
            "CN": 8,
            "FR": 6,
            "GB": 27,
            "ID": 7,
            "IL": "2",
            "IT": 293,
            "US": 47,
            "CH": 18,
            "AT": "1",
            "RU": 11,
            "": 196,
            "CA": "1",
            "PL": "2"
        },
        "BEO": {
            "CN": 2,
            "IT": 174,
            "JP": "1",
            "PT": 4,
            "US": 38,
            "ES": 10,
            "DE": 3,
            "GB": 5,
            "AT": 4,
            "": 75,
            "DK": "3",
            "BE": 3,
            "FR": "1",
            "PL": "1",
            "RO": "1"
        },
        "fenestella": {
            "FR": 23,
            "IT": 145,
            "PT": "2",
            "US": 11,
            "DE": 3,
            "RU": "1",
            "GB": 3,
            "NL": "1",
            "AT": 2,
            "": 77,
            "CA": 3,
            "DZ": "1"
        },
        "noema": {
            "AR": 4,
            "BE": 14,
            "BR": 17,
            "DE": 109,
            "FR": 159,
            "GB": 89,
            "IT": 4235,
            "MX": 12,
            "PL": 33,
            "RU": 27,
            "US": 210,
            "IN": 33,
            "CA": 309,
            "SG": "1",
            "ES": 11,
            "AT": 14,
            "CN": 170,
            "": 2060,
            "CZ": 6,
            "EU": 4,
            "IE": 4,
            "UA": 6,
            "CO": 2,
            "CH": 33,
            "A2": "1",
            "AL": "1",
            "BA": 4,
            "BH": "2",
            "DK": 5,
            "ET": "1",
            "GE": "1",
            "HR": 2,
            "IQ": 3,
            "JP": "1",
            "KW": 6,
            "NL": 7,
            "PK": 2,
            "PT": 4,
            "RO": 27,
            "SA": "1",
            "SE": 3,
            "SK": "1",
            "SN": "1",
            "TW": "1",
            "UZ": 2,
            "KZ": "1",
            "GR": 3,
            "MT": 2,
            "EC": 3,
            "VN": 2,
            "TH": 5,
            "PA": 2,
            "NP": "1",
            "ZA": "1",
            "CL": 6,
            "AU": "2",
            "GD": "1",
            "GI": "1",
            "IL": "1",
            "JM": "1",
            "NG": "1",
            "NZ": "1",
            "VE": "1",
            "BZ": "1",
            "IM": "1",
            "BS": "1",
            "IR": 5,
            "BM": "1",
            "TT": "1",
            "CR": "1",
            "PE": "1",
            "CW": "2"
        },
        "rifanalitica": {
            "DE": 114,
            "ES": 11,
            "FR": 26,
            "GB": 903,
            "IN": 24,
            "IT": 744,
            "SC": "4",
            "SE": 7,
            "US": 211,
            "PE": 7,
            "MX": 4,
            "AT": 6,
            "": 949,
            "CW": 4,
            "DK": 6,
            "ZA": 5,
            "UY": 6,
            "AR": 3,
            "AU": "1",
            "BE": "1",
            "CH": 4,
            "CN": 128,
            "GR": "1",
            "IE": 2,
            "IL": "1",
            "KR": "1",
            "NG": "1",
            "NL": 5,
            "PH": "1",
            "RO": "1",
            "RS": "3",
            "VA": "1",
            "CA": 12,
            "TR": "1",
            "UA": "1",
            "MY": 2,
            "RU": 4,
            "HK": "1",
            "CL": 5,
            "SG": "1",
            "BR": 3,
            "PL": "1",
            "JO": "1",
            "CR": "1",
            "PR": "1",
            "IS": "1"
        },
        "Dike": {
            "BE": 4,
            "CA": 16,
            "DE": 103,
            "EG": 7,
            "FR": 12,
            "GR": 50,
            "IL": 9,
            "IT": 587,
            "LU": "1",
            "NL": 18,
            "PT": 11,
            "SC": "5",
            "US": 118,
            "VE": 4,
            "AU": "1",
            "PH": 4,
            "GB": 51,
            "AT": 7,
            "": 426,
            "NO": "1",
            "BR": 8,
            "CZ": "7",
            "DK": "1",
            "EU": "1",
            "HR": "1",
            "IE": "1",
            "IN": 2,
            "KR": 4,
            "PL": 13,
            "RU": 7,
            "UA": "2",
            "AZ": "1",
            "SK": "1",
            "HK": "1",
            "MX": 2,
            "PK": "2",
            "ES": 33,
            "CH": "1",
            "CN": 7,
            "SE": "2",
            "MT": "2",
            "CL": "1"
        },
        "testupov": {
            "IT": 11
        },
        "sss": {
            "DE": "1",
            "GB": 6,
            "IT": 61,
            "NL": 4,
            "SE": "1",
            "US": 31,
            "IE": "1",
            "CA": "2",
            "AT": "1",
            "": "65"
        },
        "anicon": [],
        "connessioniremote": {
            "CA": 4,
            "CH": 13,
            "CZ": "2",
            "DE": 3,
            "GB": 23,
            "GR": "1",
            "IR": "2",
            "IT": 249,
            "MA": "1",
            "MX": "2",
            "NO": 2,
            "SC": 4,
            "SI": 7,
            "US": 72,
            "ES": "1",
            "RO": 4,
            "FR": 4,
            "CL": 5,
            "AT": 2,
            "CN": 3,
            "": 236,
            "BE": "3"
        },
        "ebph": [],
        "balthazar": {
            "CH": "1",
            "CN": 6,
            "DK": "1",
            "FR": 16,
            "GB": 6,
            "GR": 7,
            "IN": "1",
            "IT": 274,
            "JP": "1",
            "UA": "1",
            "US": 65,
            "AT": 2,
            "": 115,
            "RO": "1",
            "ES": 3
        },
        "schermi": {
            "GB": 35,
            "IT": 1090,
            "RO": 3,
            "US": 45,
            "IN": 5,
            "FR": 30,
            "DE": 23,
            "AT": 3,
            "ES": 7,
            "": 594,
            "CH": 11,
            "CL": "1",
            "CN": 7,
            "CZ": "2",
            "EU": "1",
            "GU": "1",
            "IR": 2,
            "NL": "1",
            "NO": 2,
            "PL": 6,
            "CA": 5,
            "BE": "1",
            "TR": 4,
            "TW": 3,
            "UY": "2",
            "RU": 6,
            "BR": 3,
            "EG": "1",
            "OM": "1",
            "PK": "1",
            "PT": "1",
            "SY": "1"
        },
        "RDLV": {
            "GB": 25,
            "ID": 26,
            "IN": "1",
            "IT": 1327,
            "US": 47,
            "AT": 2,
            "": 611,
            "DE": 24,
            "A2": "1",
            "BR": 5,
            "CH": 3,
            "FR": 34,
            "GE": "11",
            "SA": "1",
            "SM": "1",
            "TN": "1",
            "UA": "1",
            "RO": "2",
            "BE": "1",
            "NL": "2",
            "ES": "1",
            "PL": "2"
        },
        "StudiaAustriaca": {
            "AT": 95,
            "DE": 870,
            "ES": 12,
            "FR": 14,
            "GB": 24,
            "HR": 6,
            "IN": 25,
            "IT": 424,
            "SC": "5",
            "SE": 2,
            "UA": 2,
            "ZA": 2,
            "GR": 4,
            "US": 341,
            "CH": 32,
            "MX": 3,
            "PL": 6,
            "CA": 52,
            "TW": 4,
            "AU": "2",
            "": 929,
            "CZ": 39,
            "IE": 6,
            "AL": "1",
            "AR": 2,
            "EG": "1",
            "EU": "3",
            "ID": "1",
            "IL": "1",
            "KR": "2",
            "LU": 2,
            "NL": 4,
            "PT": 2,
            "RO": 2,
            "RU": 31,
            "CN": 95,
            "EC": "1",
            "VN": 2,
            "TR": 2,
            "LT": "1",
            "BM": "1",
            "CY": "1",
            "LB": "1",
            "SA": "1",
            "FI": "1",
            "BB": "1"
        },
        "quadernidigargnano": {
            "GB": 32,
            "IT": 1038,
            "KH": "1",
            "KR": "1",
            "RU": 7,
            "US": 73,
            "NZ": "1",
            "CH": 15,
            "ES": 11,
            "AT": 7,
            "FI": 10,
            "": 570,
            "BE": 9,
            "DE": 19,
            "CA": 3,
            "CZ": "3",
            "FR": 48,
            "GR": 2,
            "HR": "2",
            "HU": "1",
            "ID": "1",
            "PL": 3,
            "RO": "3",
            "SE": "1",
            "UA": 3,
            "IR": 3,
            "CN": 4,
            "BA": "1",
            "MT": "2",
            "TW": "1",
            "UZ": "1"
        },
        "translation": [],
        "LCdM": {
            "AL": "1",
            "ES": 13,
            "IT": 973,
            "MA": "1",
            "CH": 12,
            "US": 56,
            "RU": 3,
            "GB": 17,
            "AT": 36,
            "": 517,
            "DE": 13,
            "SI": 6,
            "MX": 8,
            "FI": 11,
            "PL": 24,
            "BE": 4,
            "BR": 3,
            "FR": 44,
            "HU": 2,
            "LT": 2,
            "SK": "1",
            "TW": 3,
            "UA": "1",
            "AE": "1",
            "AR": 7,
            "CA": 2,
            "ME": "1",
            "HR": "1",
            "RO": "3",
            "IE": "1",
            "JP": "1"
        },
        "itinera": {
            "AU": 6,
            "BG": 2,
            "BR": 20,
            "ES": 20,
            "FR": 134,
            "GB": 102,
            "GR": 13,
            "IE": 6,
            "IR": 3,
            "IT": 1741,
            "MA": "2",
            "US": 196,
            "DE": 125,
            "HU": 2,
            "CH": 7,
            "CN": 10,
            "ID": "1",
            "FI": 9,
            "BE": 12,
            "PE": 7,
            "CA": 33,
            "KR": "2",
            "SG": "1",
            "AT": 3,
            "": 1068,
            "IN": 26,
            "AR": 8,
            "CI": "1",
            "CM": "1",
            "CZ": 2,
            "DK": 6,
            "EG": "3",
            "EU": "4",
            "GH": "1",
            "HR": 2,
            "IQ": "1",
            "JP": "1",
            "MC": "2",
            "NL": 13,
            "PL": 7,
            "PT": 3,
            "RO": "1",
            "RU": 19,
            "SE": 10,
            "SL": "1",
            "TR": 6,
            "MX": 8,
            "VN": 2,
            "MT": "1",
            "SV": "1",
            "NO": "1",
            "SM": "1",
            "TW": 2,
            "NZ": 2,
            "AE": "1",
            "AZ": "1",
            "CL": 9,
            "PA": "1",
            "QA": "1",
            "TH": "1",
            "TT": 2,
            "UA": "1",
            "VI": "1",
            "BB": 4,
            "JM": "2",
            "MY": "1",
            "BS": "1",
            "CR": "2"
        },
        "concorso": {
            "GB": 21,
            "IN": 5,
            "IT": 347,
            "RU": "2",
            "SC": 3,
            "US": 22,
            "FR": 18,
            "AT": 2,
            "CN": 25,
            "": 203,
            "DE": 54,
            "BR": "3",
            "CA": "1",
            "CH": "2",
            "CZ": "1",
            "ES": 4,
            "HR": "1",
            "IE": "1",
            "CL": "1",
            "PT": "1"
        },
        "enthymema": {
            "CH": 73,
            "DE": 445,
            "DK": 19,
            "DZ": 5,
            "ES": 59,
            "EU": 4,
            "FI": 18,
            "FR": 344,
            "GB": 3369,
            "GE": 3,
            "HU": 7,
            "IE": 6,
            "IT": 4639,
            "KR": 26,
            "ME": "2",
            "NL": 29,
            "NO": 21,
            "PL": 28,
            "RU": 49,
            "SK": 11,
            "TW": 14,
            "UA": 19,
            "US": 1036,
            "BE": 31,
            "IN": 53,
            "CA": 220,
            "ID": 8,
            "PE": 3,
            "PT": 12,
            "MX": 9,
            "MY": 16,
            "CR": 8,
            "SE": 24,
            "AT": 17,
            "": 6293,
            "SA": 6,
            "AR": 7,
            "AU": 27,
            "BR": 16,
            "CZ": 28,
            "EG": "3",
            "GR": 5,
            "HR": 3,
            "IL": 6,
            "IQ": "5",
            "IS": 6,
            "JP": 2,
            "PH": 3,
            "RO": 12,
            "VA": 2,
            "CN": 255,
            "RS": 5,
            "CO": 7,
            "HK": 7,
            "SI": 4,
            "IR": 2,
            "PK": 3,
            "LT": 4,
            "MT": 3,
            "CL": 2,
            "SG": "1",
            "BB": 3,
            "AM": "1",
            "BF": "1",
            "KE": "1",
            "KN": "1",
            "LA": "1",
            "NG": "3",
            "UZ": "1",
            "VE": "1",
            "MD": "1",
            "VN": "1",
            "TR": 2,
            "JM": "2",
            "BS": "1",
            "EC": "1",
            "LV": "1",
            "DO": "1",
            "MK": "1"
        },
        "SSMD": {
            "BE": 20,
            "BG": 3,
            "BR": 2,
            "DE": 123,
            "DK": 3,
            "ES": 18,
            "FR": 60,
            "GB": 52,
            "IT": 2408,
            "NL": 11,
            "NO": "1",
            "RU": 5,
            "US": 97,
            "PL": 13,
            "AT": 3,
            "": 1426,
            "CN": 96,
            "CH": 13,
            "CZ": "3",
            "EU": "1",
            "FI": 2,
            "IN": "2",
            "JP": "1",
            "LU": 7,
            "PH": "1",
            "PT": "1",
            "RO": 7,
            "SE": "1",
            "SK": "3",
            "UA": "1",
            "TR": "1",
            "AR": "1",
            "VN": "1",
            "CA": 3,
            "MY": "1",
            "TW": "3",
            "IL": 3,
            "GR": "1",
            "MT": "1"
        },
        "annalsofmicrobiology": [],
        "lessicodelcomico": {
            "DK": "3",
            "IT": 118,
            "PL": "1",
            "RU": 2,
            "CH": 6,
            "US": 7,
            "GB": 2,
            "AT": 2,
            "": 97,
            "DE": 4,
            "AR": 6,
            "FR": 6,
            "GR": "1",
            "CN": "1"
        },
        "AMonline": {
            "AR": 86,
            "AT": 39,
            "AU": 85,
            "BE": 68,
            "BR": 110,
            "CA": 291,
            "CH": 63,
            "CL": 234,
            "CN": 561,
            "CZ": 29,
            "DE": 602,
            "DK": 8,
            "EG": 12,
            "ES": 948,
            "FR": 369,
            "GB": 562,
            "HR": 12,
            "ID": 32,
            "IE": 259,
            "IN": 36,
            "IR": 14,
            "IT": 4467,
            "JO": 7,
            "KR": 30,
            "KZ": "2",
            "MT": 5,
            "MX": 172,
            "NG": 3,
            "NL": 124,
            "NO": 22,
            "OM": 7,
            "PL": 70,
            "PS": 104,
            "QA": 4,
            "RU": 46,
            "SA": 17,
            "SC": 6,
            "SE": 48,
            "TH": 11,
            "TR": 23,
            "UA": 37,
            "US": 2034,
            "HK": 29,
            "EC": 15,
            "PE": 86,
            "PT": 42,
            "BG": "1",
            "RO": 22,
            "": 4450,
            "GR": 24,
            "JP": 24,
            "LT": 26,
            "MD": 6,
            "MY": 34,
            "TT": 3,
            "PK": 28,
            "CU": 12,
            "UY": 14,
            "A1": "1",
            "A2": 5,
            "AE": 13,
            "CI": 9,
            "CM": "3",
            "CO": 41,
            "CV": "1",
            "DZ": "2",
            "EU": 4,
            "FI": 6,
            "GT": 10,
            "IL": 14,
            "IQ": "1",
            "IS": 3,
            "KE": 6,
            "LU": 8,
            "MA": 13,
            "ML": "1",
            "MW": 4,
            "NE": "2",
            "PA": 2,
            "PH": 11,
            "RW": 5,
            "SG": 9,
            "SN": "4",
            "SV": 4,
            "TN": 6,
            "TW": 11,
            "VA": "1",
            "VE": 7,
            "YE": "1",
            "ZA": 17,
            "HU": 25,
            "CR": 23,
            "VN": 6,
            "PR": 2,
            "JM": 3,
            "BO": 4,
            "NI": "6",
            "NZ": 3,
            "AZ": "2",
            "BD": "1",
            "BZ": "1",
            "RS": 4,
            "SK": "3",
            "AD": "1",
            "BB": "1",
            "LC": "2",
            "NP": "1",
            "BS": "1",
            "AW": "1",
            "DO": "1",
            "HN": "1"
        },
        "dissertationnursing": [],
        "irlh": {
            "AL": "2",
            "AO": "1",
            "AU": 3,
            "BD": "1",
            "BR": 12,
            "CH": 17,
            "CZ": 6,
            "DZ": 9,
            "EE": "1",
            "EG": 12,
            "ES": 3,
            "FR": 82,
            "GB": 22,
            "GR": 5,
            "HU": "1",
            "ID": 41,
            "IN": "3",
            "IT": 1758,
            "JO": 4,
            "KR": 3,
            "LV": 3,
            "MA": "1",
            "PE": "2",
            "RU": 11,
            "SA": "1",
            "SY": "1",
            "TH": 3,
            "TN": 7,
            "TR": 58,
            "US": 50,
            "VE": "1",
            "ZA": "1",
            "PT": 3,
            "RO": 4,
            "HK": "1",
            "CN": 4,
            "MX": 4,
            "DE": 33,
            "GT": "1",
            "AR": "1",
            "IR": "1",
            "VN": "3",
            "PK": "6",
            "UA": 3,
            "JM": "1",
            "PH": "1",
            "CA": 3,
            "MY": "1",
            "PL": 7,
            "SG": "1",
            "TW": 4,
            "AT": 10,
            "": 900,
            "BE": 4,
            "DK": "1",
            "EU": "2",
            "JP": "1",
            "NL": 3,
            "CL": "1",
            "IE": "1"
        },
        "ACME": {
            "AR": 10,
            "AT": 21,
            "AU": 16,
            "BG": "1",
            "BR": 6,
            "CA": 31,
            "CH": 35,
            "CN": 48,
            "CZ": 9,
            "DK": 2,
            "ES": 41,
            "FR": 141,
            "GB": 79,
            "GR": 15,
            "ID": 11,
            "IE": 7,
            "IT": 2996,
            "LT": 3,
            "PL": 30,
            "PT": 2,
            "RO": 4,
            "SC": 6,
            "TR": 9,
            "US": 216,
            "MD": "1",
            "DE": 117,
            "IN": 24,
            "MX": 5,
            "": 1899,
            "EU": 2,
            "SM": 9,
            "RS": 9,
            "CL": 183,
            "A2": "1",
            "AL": "1",
            "BE": 10,
            "EE": 2,
            "HK": 2,
            "HU": 2,
            "IL": "6",
            "IR": "1",
            "JO": "1",
            "KE": 6,
            "KG": "2",
            "ME": "1",
            "NL": 10,
            "NO": "1",
            "NZ": 2,
            "RU": 9,
            "SE": "2",
            "SI": "1",
            "TW": "1",
            "UA": 2,
            "VA": 3,
            "AE": "1",
            "MY": 2,
            "EC": "1",
            "KW": "1",
            "BO": "1",
            "BY": 4,
            "CY": 3,
            "PA": "1",
            "EG": "2",
            "MC": "1",
            "HR": "1"
        },
        "roars": {
            "AR": "1",
            "AT": 7,
            "BE": 20,
            "BY": "1",
            "CH": 4,
            "DE": 42,
            "EE": 3,
            "EU": "1",
            "FR": 13,
            "GB": 36,
            "IL": "1",
            "IT": 60,
            "LV": "1",
            "MD": "1",
            "NL": 13,
            "PL": 3,
            "RO": 3,
            "RS": 2,
            "RU": 76,
            "SE": 5,
            "UA": 41,
            "US": 140,
            "BZ": "1",
            "IN": "1",
            "VN": "1",
            "PT": 13,
            "": 504,
            "ES": 3,
            "NO": 2,
            "TZ": "1",
            "CN": 22,
            "AU": "1",
            "BR": "2",
            "CA": 23,
            "CL": "1",
            "ET": "1",
            "IE": "2",
            "IR": "2",
            "JP": "1",
            "MY": "2",
            "NZ": "2",
            "PH": 9,
            "SG": 2,
            "SO": "1",
            "ZA": "1",
            "LK": "1",
            "FI": "1",
            "PK": "1",
            "DK": "2",
            "MX": "1",
            "TT": "1",
            "TW": "1"
        },
        "cross": {
            "AT": 25,
            "BE": 33,
            "BR": 14,
            "DE": 104,
            "FR": 158,
            "GB": 82,
            "IT": 4176,
            "KE": 2,
            "CH": 124,
            "US": 271,
            "ID": 14,
            "ES": 18,
            "TR": "2",
            "": 2041,
            "RU": 8,
            "PE": 6,
            "CL": 30,
            "DO": 3,
            "BG": "9",
            "MX": 17,
            "A2": "1",
            "AL": 4,
            "AR": "1",
            "CM": "2",
            "DK": "2",
            "GR": 2,
            "HK": 2,
            "HR": "1",
            "HU": 3,
            "IN": "1",
            "LU": 3,
            "MY": "1",
            "NL": 10,
            "PL": 21,
            "PT": "1",
            "RO": "4",
            "RS": "1",
            "SI": "1",
            "UA": "3",
            "CN": 34,
            "CO": 3,
            "MT": "2",
            "CA": 8,
            "EC": 2,
            "IR": "1"
        },
        "disegni": {
            "IT": 191,
            "US": 59,
            "FR": 6,
            "GB": 9,
            "AT": 2,
            "": 169,
            "CL": 4,
            "DE": 64,
            "ID": 2,
            "BE": "1",
            "BR": 6,
            "CY": "1",
            "CZ": "1",
            "MX": 7,
            "NL": 2,
            "NO": 4,
            "PE": 7,
            "RU": "1",
            "SE": "1",
            "UA": 3,
            "TR": 3,
            "ES": 4,
            "UY": "3",
            "CA": 2,
            "CR": "3",
            "SC": "1",
            "PL": "1",
            "BG": "1",
            "CH": "1",
            "CM": "2",
            "GR": "1",
            "CO": "4"
        },
        "interfaces": {
            "AU": 12,
            "BE": 10,
            "CH": 41,
            "CL": 3,
            "DE": 133,
            "FI": 7,
            "FR": 31,
            "GB": 144,
            "HU": 5,
            "IL": 10,
            "IN": 14,
            "IT": 202,
            "KE": "1",
            "SC": "4",
            "SG": 6,
            "UA": "1",
            "US": 344,
            "TR": 8,
            "CZ": 16,
            "IE": 12,
            "NL": 15,
            "ES": 9,
            "MX": 8,
            "RU": 26,
            "CN": 47,
            "AT": 29,
            "": 573,
            "BR": 31,
            "DK": 10,
            "HR": "1",
            "CA": 29,
            "EE": "1",
            "GE": "1",
            "GR": 2,
            "IQ": "1",
            "IS": 7,
            "KR": 2,
            "MY": "1",
            "PH": 10,
            "PK": 3,
            "PT": 2,
            "QA": 2,
            "RO": 4,
            "SE": 6,
            "SI": 3,
            "TH": 3,
            "ZA": 2,
            "ZM": "1",
            "CR": "3",
            "HK": 2,
            "VN": 2,
            "CO": 3,
            "AR": 2,
            "IR": 2,
            "ID": "3",
            "NP": 3,
            "KW": "1",
            "NO": 5,
            "PL": 6,
            "JP": "1",
            "LT": 4,
            "LK": "1"
        },
        "CRIANDO": {
            "IT": 362,
            "RO": 2,
            "US": 42,
            "GB": 12,
            "AT": 4,
            "": 211,
            "DE": 14,
            "IN": 4,
            "CL": 9,
            "BR": "3",
            "CH": 2,
            "CO": 4,
            "FR": 13,
            "MX": 2,
            "PE": 6,
            "PL": 8,
            "CR": "1",
            "ES": 6,
            "HK": "1",
            "CA": "1",
            "UY": 2,
            "SM": "1",
            "DO": "1",
            "CZ": "2",
            "AR": "1"
        },
        "asgm": {
            "AT": 7,
            "CN": 7,
            "ES": "2",
            "GR": 2,
            "HU": 16,
            "IT": 221,
            "US": 53,
            "DE": 34,
            "CA": 2,
            "GB": 4,
            "": 151,
            "CH": 10,
            "BE": "1",
            "FR": 5,
            "JO": "1",
            "RO": "1",
            "RU": 4,
            "IN": 4,
            "PL": "1",
            "HR": "1"
        },
        "promoitals": {
            "AL": 11,
            "AT": 116,
            "AU": 24,
            "BR": 56,
            "CH": 175,
            "CL": 2,
            "DE": 475,
            "DZ": 35,
            "ES": 150,
            "FR": 482,
            "GB": 427,
            "GR": 41,
            "HU": 13,
            "IE": 28,
            "IN": 39,
            "IR": 3,
            "IS": "2",
            "IT": 15099,
            "MD": 5,
            "MX": 26,
            "PE": 74,
            "PL": 107,
            "RO": 27,
            "SI": 16,
            "US": 1192,
            "JO": 7,
            "NL": 69,
            "NO": 8,
            "CZ": 63,
            "BE": 130,
            "MT": 8,
            "RU": 114,
            "CN": 195,
            "FI": 10,
            "CA": 29,
            "": 8686,
            "HR": 34,
            "KR": 18,
            "AR": 80,
            "SE": 16,
            "LT": 31,
            "A2": "1",
            "AM": 2,
            "BA": 4,
            "BG": 5,
            "BH": 5,
            "BY": 5,
            "CM": 7,
            "CO": 19,
            "CY": 3,
            "DK": 10,
            "EC": 7,
            "EG": 13,
            "EU": 4,
            "HK": 9,
            "HN": 3,
            "ID": "1",
            "IL": 2,
            "JP": 5,
            "KG": "1",
            "LB": 4,
            "LI": "1",
            "LV": 6,
            "MA": 5,
            "ME": "1",
            "NG": "2",
            "PH": 5,
            "PT": 10,
            "RS": 10,
            "SA": "3",
            "SC": "1",
            "SK": 8,
            "TN": 22,
            "TR": 18,
            "TW": 21,
            "UA": 27,
            "VA": "1",
            "VE": "3",
            "ZA": "2",
            "VN": 13,
            "MY": 3,
            "UY": 5,
            "SM": 3,
            "SG": 9,
            "MK": 12,
            "TH": 2,
            "AE": "2",
            "GP": "2",
            "JE": "1",
            "MR": "3",
            "BZ": "1"
        },
        "NAD": {
            "DE": 30,
            "FR": 69,
            "GB": 29,
            "IT": 871,
            "MA": "1",
            "SC": "4",
            "UA": 11,
            "EC": 9,
            "IN": 2,
            "US": 61,
            "LT": 3,
            "SE": 7,
            "JP": 11,
            "AT": 3,
            "ES": 11,
            "": 339,
            "AL": "2",
            "MX": 2,
            "AU": 3,
            "BE": "2",
            "BR": 4,
            "CH": 2,
            "LU": 3,
            "ML": 19,
            "NL": 6,
            "RO": 22,
            "TR": 5,
            "VA": "1",
            "MD": "1",
            "AR": "1",
            "PK": 2,
            "CU": "1",
            "CA": 4,
            "SM": "1",
            "IR": 3,
            "BF": "1",
            "IE": "14",
            "HK": "1",
            "HU": "1",
            "PL": "1"
        },
        "food-in": {
            "EU": "1",
            "FR": 21,
            "IT": 438,
            "US": 32,
            "IN": 4,
            "DK": "1",
            "SG": "1",
            "GB": 10,
            "AT": 2,
            "": 244,
            "DE": 6,
            "AL": "1",
            "BE": "1",
            "MD": "1",
            "PL": 3,
            "TR": "1",
            "VN": "1",
            "SE": "1",
            "PE": "1",
            "CN": "1"
        },
        "demusica": {
            "BG": "1",
            "CA": "2",
            "FR": 62,
            "GB": 13,
            "IT": 1073,
            "US": 40,
            "AT": 4,
            "CN": 3,
            "": 561,
            "DE": 34,
            "AR": 2,
            "BE": 6,
            "BF": "1",
            "CH": 5,
            "DK": "1",
            "ES": 4,
            "EU": "2",
            "GR": "1",
            "HR": "1",
            "KG": "1",
            "KW": "1",
            "PL": 10,
            "RO": 3,
            "RU": "1",
            "EE": "1",
            "SE": 3,
            "CO": "1",
            "KR": "1",
            "NL": "1"
        },
        "milanlawreview": {
            "FR": 5,
            "GB": 4,
            "IT": 154,
            "PL": 10,
            "US": 42,
            "AT": 2,
            "": 123,
            "DE": 3,
            "PT": 3,
            "ES": "1"
        },
        "StudiaTheodisca": {
            "DE": 931,
            "FI": "1",
            "FR": 16,
            "GB": 139,
            "HU": "2",
            "IN": 35,
            "IT": 686,
            "PT": 5,
            "TW": 237,
            "UA": 4,
            "ZA": "1",
            "US": 396,
            "CN": 90,
            "TH": "1",
            "AT": 43,
            "CA": 6,
            "CH": 15,
            "SE": 2,
            "": 1146,
            "GR": 12,
            "A1": "1",
            "A2": "1",
            "AR": "1",
            "BR": "1",
            "CL": 3,
            "CZ": 64,
            "DK": "1",
            "EE": "1",
            "ES": 5,
            "ID": "1",
            "KR": "2",
            "MX": 2,
            "PH": "1",
            "PL": 2,
            "RU": 76,
            "SA": "1",
            "SK": "1",
            "TR": 17,
            "CO": "1",
            "BO": "1",
            "NO": "1",
            "SI": 2,
            "JP": "1",
            "AU": 2,
            "EU": "1",
            "GN": "1",
            "LV": "1",
            "VC": "1",
            "RO": "1",
            "AE": "1",
            "TT": "1",
            "PS": "1",
            "IR": "1",
            "FJ": "2",
            "HR": "1"
        },
        "inkoj": {
            "DE": 28,
            "IT": 129,
            "US": 317,
            "IN": "1",
            "ID": "1",
            "GB": 4,
            "AT": 2,
            "": 204,
            "FI": 7,
            "CA": 3,
            "BE": "1",
            "CO": 2,
            "FR": 6,
            "GR": 2,
            "JO": 3,
            "MX": "1",
            "NL": "2",
            "RU": 5,
            "TN": "3",
            "SK": "1",
            "TW": "1",
            "CY": "2",
            "MY": "1",
            "CN": "1"
        },
        "MdE": {
            "BG": "1",
            "DE": 212,
            "FR": 52,
            "IT": 1429,
            "KE": "1",
            "US": 74,
            "ES": 12,
            "IN": 2,
            "CL": 3,
            "GB": 30,
            "AT": 26,
            "": 682,
            "IL": "1",
            "NL": 3,
            "KR": "1",
            "AL": "1",
            "AR": "1",
            "BE": 4,
            "BR": 7,
            "CA": 6,
            "CH": 12,
            "CZ": "1",
            "EU": "1",
            "GR": "3",
            "ID": "1",
            "MX": "1",
            "PL": 8,
            "RO": "1",
            "RU": 4,
            "SE": "3",
            "SI": "3",
            "TR": "1",
            "UA": "1",
            "VA": 4,
            "DK": 10,
            "NZ": "1",
            "HU": 2,
            "PT": "1",
            "SK": 3,
            "CN": 2
        },
        "haf": {
            "BG": "2",
            "BJ": 2,
            "CL": 36,
            "DE": 71,
            "EG": 5,
            "ES": 16,
            "ID": 57,
            "IL": "2",
            "IQ": "1",
            "IT": 117,
            "JO": "1",
            "KR": 26,
            "NG": 3,
            "RU": 18,
            "SC": "3",
            "SE": 12,
            "TW": 8,
            "US": 157,
            "CU": "1",
            "GB": 145,
            "PT": 4,
            "CA": 27,
            "AT": 2,
            "": 384,
            "HU": "1",
            "TR": 7,
            "DK": "2",
            "AU": 21,
            "AE": "1",
            "BR": 5,
            "CZ": 4,
            "FR": 13,
            "GR": 3,
            "IE": 4,
            "IN": 9,
            "IR": 5,
            "JP": 3,
            "LT": 9,
            "PK": 8,
            "PL": "1",
            "RO": 3,
            "RS": 2,
            "SA": 2,
            "SK": 2,
            "TH": 3,
            "ZA": "1",
            "NZ": "1",
            "CN": 135,
            "VN": 2,
            "MZ": "1",
            "CO": 4,
            "NL": 4,
            "NO": 5,
            "BF": "6",
            "EU": "1",
            "KE": "1",
            "MX": 15,
            "PH": "2",
            "UA": "1",
            "BN": "1",
            "PA": "1",
            "BE": "1",
            "TT": "1"
        },
        "lanx": {
            "AT": 12,
            "CH": 19,
            "DE": 131,
            "FR": 58,
            "IL": 7,
            "IT": 1722,
            "SC": 5,
            "SK": 3,
            "TR": 8,
            "GB": 35,
            "BE": 6,
            "RO": 7,
            "US": 265,
            "IN": 29,
            "CN": 73,
            "": 927,
            "AE": 8,
            "GR": 12,
            "A1": "6",
            "AM": "1",
            "AU": 4,
            "BG": "1",
            "BR": "1",
            "CA": 18,
            "DK": 2,
            "DZ": "2",
            "ES": 24,
            "EU": "1",
            "HR": "1",
            "JP": "4",
            "KR": "6",
            "PL": 7,
            "PT": 2,
            "SE": 4,
            "SI": "1",
            "RS": 5,
            "BZ": "1",
            "AR": "1",
            "VN": "6",
            "RU": 3,
            "PE": 3,
            "UY": "1",
            "CY": "1",
            "SM": "1",
            "TW": "1",
            "MT": "1"
        },
        "carteromanze": {
            "CH": 65,
            "CN": 150,
            "ES": 56,
            "FR": 153,
            "IT": 3109,
            "US": 500,
            "DE": 135,
            "PL": 23,
            "AR": 9,
            "AT": 10,
            "GR": 30,
            "GB": 142,
            "CA": 121,
            "": 3068,
            "FI": 5,
            "PT": 3,
            "IN": 41,
            "A1": "2",
            "BE": 8,
            "BR": "1",
            "CZ": "3",
            "DK": "1",
            "EU": "5",
            "ID": "2",
            "IE": 3,
            "JP": "1",
            "KE": "1",
            "KR": "3",
            "LV": "1",
            "MA": "1",
            "MK": "1",
            "MX": 4,
            "NL": 9,
            "PE": "1",
            "PH": "1",
            "RO": 7,
            "RS": 2,
            "RU": "5",
            "SC": 4,
            "SE": "5",
            "SK": "1",
            "UA": "3",
            "VA": "1",
            "VN": "1",
            "LT": "1",
            "AU": 2,
            "HU": "1",
            "NO": "2",
            "CO": 2,
            "SV": "1",
            "CL": "1",
            "DO": "1",
            "SM": "2",
            "IR": "1",
            "UZ": "2",
            "JM": "1",
            "HT": "1",
            "TT": "1"
        },
        "Lebenswelt": {
            "AT": 41,
            "BE": 21,
            "BG": 3,
            "BR": 11,
            "CZ": 9,
            "DE": 277,
            "DK": 30,
            "ES": 29,
            "FR": 85,
            "GB": 125,
            "GR": 11,
            "HR": 4,
            "IE": 4,
            "IL": 10,
            "IT": 1766,
            "PL": 14,
            "RU": 22,
            "SA": 16,
            "UA": 2,
            "US": 436,
            "TH": 15,
            "CN": 60,
            "AR": 4,
            "CH": 12,
            "IN": 39,
            "CO": 4,
            "": 1898,
            "NL": 25,
            "CA": 273,
            "AU": 14,
            "EU": 6,
            "FI": 8,
            "HK": 3,
            "ID": 4,
            "IR": 3,
            "KR": 10,
            "MO": 6,
            "NO": 17,
            "PE": 3,
            "PH": 3,
            "RS": "2",
            "SE": 11,
            "TR": 23,
            "NZ": 5,
            "RO": 5,
            "JP": 5,
            "PT": 7,
            "MT": "1",
            "MX": 17,
            "IS": 2,
            "HN": "1",
            "AL": "1",
            "EG": "2",
            "LV": "1",
            "QA": "4",
            "UY": "5",
            "SG": "1"
        },
        "DoctorVirtualis": {
            "A1": "1",
            "AT": 9,
            "BR": 12,
            "CH": 19,
            "CL": 9,
            "DE": 76,
            "FR": 53,
            "GB": 43,
            "IT": 2412,
            "RU": 11,
            "US": 142,
            "ZA": "1",
            "CZ": 2,
            "PL": 29,
            "VN": 2,
            "IN": 32,
            "CA": 228,
            "": 1130,
            "MX": 5,
            "BE": 4,
            "BY": "1",
            "CI": "1",
            "DK": "2",
            "ES": 5,
            "EU": "1",
            "FI": "1",
            "GE": "1",
            "GR": 5,
            "HR": 8,
            "IL": "2",
            "MA": "1",
            "NL": 3,
            "PT": 2,
            "RO": 5,
            "SE": "2",
            "TN": 2,
            "TR": 4,
            "UA": "1",
            "AR": 2,
            "MD": "3",
            "LU": "1",
            "AU": 2,
            "CN": 121,
            "TW": "1",
            "IE": "1",
            "IR": "1",
            "MY": "1",
            "BS": "2",
            "TT": "2",
            "DO": "1"
        },
        "aristonothos": {
            "AT": 8,
            "CN": 116,
            "DE": 85,
            "FR": 142,
            "GR": 9,
            "IT": 1116,
            "RU": 17,
            "US": 329,
            "CA": 12,
            "PL": 5,
            "GB": 72,
            "ES": 43,
            "": 1164,
            "HK": 2,
            "IN": 24,
            "PT": 4,
            "BA": "1",
            "BE": 6,
            "CH": 4,
            "CZ": "2",
            "GE": "1",
            "KR": "1",
            "RS": "2",
            "TR": 5,
            "VA": "1",
            "NZ": "1",
            "RO": 3,
            "AR": 2,
            "VN": "1",
            "UA": 7,
            "CY": "1",
            "SG": "1",
            "BR": "1",
            "CL": 3,
            "DK": 3,
            "IL": "1",
            "JP": "2",
            "LV": "1",
            "SA": "1",
            "TW": 2,
            "LB": "1",
            "BZ": "1",
            "AU": "1",
            "IE": "1",
            "JM": 2,
            "BS": "1",
            "TT": "2",
            "IR": "1",
            "HN": "1",
            "BB": "1"
        },
        "PEML": {
            "GB": 82,
            "IN": 6,
            "IT": 1789,
            "UA": 3,
            "US": 191,
            "ES": 7,
            "CN": 3,
            "CH": 22,
            "FR": 108,
            "AT": 22,
            "": 1595,
            "DE": 58,
            "A1": "1",
            "AR": 4,
            "CA": "1",
            "CL": 2,
            "CZ": 3,
            "DK": 3,
            "DZ": "1",
            "EG": 2,
            "HR": 7,
            "ID": "1",
            "LT": "1",
            "NG": "2",
            "PT": 2,
            "RO": "2",
            "RU": 3,
            "SM": "1",
            "VA": "1",
            "CR": 3,
            "NO": 2,
            "GR": 5,
            "PL": 4,
            "EU": "1",
            "IE": "3",
            "IL": "1",
            "TH": "1",
            "JM": "1",
            "IR": "1"
        },
        "RIPS": {
            "AL": "1",
            "BG": 18,
            "BR": 35,
            "CA": 117,
            "CH": 86,
            "CZ": 46,
            "DE": 593,
            "DK": 9,
            "EG": 7,
            "EU": 10,
            "FR": 218,
            "GB": 191,
            "GR": 24,
            "HR": 10,
            "IR": 51,
            "IT": 1789,
            "JP": 52,
            "KR": 38,
            "MX": 27,
            "NZ": 3,
            "RO": 51,
            "RU": 84,
            "SC": "3",
            "SE": 14,
            "SI": 7,
            "TR": 100,
            "US": 1690,
            "ES": 128,
            "HU": 35,
            "AR": 15,
            "CN": 319,
            "IN": 70,
            "PE": 30,
            "PL": 38,
            "AT": 24,
            "": 2119,
            "NL": 24,
            "SA": 22,
            "CL": 277,
            "A1": "19",
            "A2": "1",
            "AE": 4,
            "BE": 17,
            "CI": "1",
            "DZ": 7,
            "EE": "1",
            "HK": 8,
            "ID": 28,
            "IE": 8,
            "IL": 4,
            "MA": 4,
            "ME": "2",
            "MG": "1",
            "MT": 5,
            "NG": 6,
            "PK": 12,
            "PT": 17,
            "RS": "1",
            "TH": 9,
            "TN": 4,
            "TW": 17,
            "UA": 7,
            "AU": 12,
            "CO": 4,
            "VN": "1",
            "FI": 3,
            "CU": "1",
            "NO": 5,
            "MY": "1",
            "PA": "1",
            "BA": "1",
            "SG": "4",
            "CW": "1",
            "AZ": "1",
            "KE": "1",
            "LB": "1",
            "LV": "1",
            "PH": 3,
            "ZA": 3,
            "KZ": "1",
            "BZ": "1",
            "NP": "2",
            "UY": "1",
            "GP": "1",
            "IS": "1"
        },
        "tintas": {
            "AR": 27,
            "AT": 42,
            "BE": 7,
            "BG": 50,
            "BR": 104,
            "ES": 354,
            "FR": 100,
            "GB": 74,
            "IT": 1074,
            "NL": 6,
            "PR": 6,
            "US": 267,
            "CL": 35,
            "AU": 9,
            "IE": 9,
            "CN": 217,
            "IN": 3,
            "PT": 16,
            "PE": 29,
            "MX": 72,
            "PL": 18,
            "": 914,
            "CO": 21,
            "DE": 180,
            "RO": 11,
            "CZ": "5",
            "EU": "4",
            "FI": "2",
            "GQ": "1",
            "GT": 2,
            "ID": 3,
            "MD": "1",
            "RU": 43,
            "SE": 9,
            "VE": "2",
            "EC": 7,
            "VN": "1",
            "NO": 2,
            "DO": 12,
            "CA": 15,
            "BH": "1",
            "CH": "1",
            "IQ": "1",
            "KE": "1",
            "LV": "1",
            "PH": "1",
            "TR": 2,
            "UA": "2",
            "VC": "1",
            "JO": "1",
            "KN": "1",
            "MY": 2,
            "PA": "1",
            "BB": 5,
            "HU": "1",
            "ZA": "1",
            "HK": "1",
            "KY": "1",
            "IR": 6,
            "JM": "2",
            "BS": 3,
            "TT": 3,
            "TW": "1"
        },
        "gilgames": {
            "BR": 2,
            "EG": 3,
            "IT": 296,
            "ES": 6,
            "GB": 13,
            "US": 179,
            "FR": 25,
            "AT": 3,
            "": 290,
            "DE": 14,
            "AI": "1",
            "AR": "1",
            "BY": "6",
            "CH": 3,
            "DK": "1",
            "FI": "1",
            "GR": 3,
            "IL": "1",
            "IN": 3,
            "KR": "1",
            "KW": "1",
            "MY": 2,
            "NZ": "1",
            "PT": "1",
            "PY": "1",
            "RO": "1",
            "TH": 2,
            "TN": "1",
            "VE": "1",
            "ZA": "2",
            "HK": "1",
            "NL": 3,
            "CA": 5,
            "RU": "2",
            "SG": "2",
            "EE": "1",
            "JP": "1",
            "UZ": "3",
            "PL": "3",
            "AU": "1",
            "BE": 5
        }
    }
}
