{"202004":{"consonanze":{"":901},"statoechiese":{"":15119},"groundbreaking":{"":1404},"cinemaetcie":[],"SED":{"":3465},"aoqu":{"":247},"BEO":{"":419},"fenestella":{"":"107"},"noema":{"":9014},"rifanalitica":{"":2476},"Dike":{"":1970},"testupov":{"":48},"sss":{"":"239"},"anicon":[],"connessioniremote":[],"ebph":[],"balthazar":[],"schermi":{"":1308},"RDLV":{"":1776},"StudiaAustriaca":{"":3480},"quadernidigargnano":{"":2097},"translation":[],"LCdM":{"":1673},"itinera":{"":4951},"concorso":{"":1157},"enthymema":{"":14314},"SSMD":{"":4604},"annalsofmicrobiology":[],"lessicodelcomico":{"":378},"AMonline":{"":18412},"dissertationnursing":[],"irlh":{"":1679},"ACME":{"":7086},"roars":{"":1353},"cross":{"":7387},"disegni":{"":924},"interfaces":{"":1996},"CRIANDO":{"":771},"asgm":{"":945},"promoitals":{"":25622},"NAD":{"":983},"food-in":{"":965},"demusica":{"":2142},"milanlawreview":[],"StudiaTheodisca":{"":3675},"inkoj":{"":1034},"MdE":{"":2530},"haf":{"":2114},"lanx":{"":3501},"carteromanze":{"":8143},"Lebenswelt":{"":4936},"DoctorVirtualis":{"":4754},"aristonothos":{"":3967},"PEML":{"":3401},"RIPS":{"":9928},"tintas":{"":3099},"gilgames":{"":1661}}}