{"202005":{"consonanze":{"":1151},"statoechiese":{"":22548},"groundbreaking":{"":1687},"cinemaetcie":[],"SED":{"":3069},"aoqu":{"":326},"BEO":{"":477},"fenestella":{"":"126"},"noema":{"":12831},"rifanalitica":{"":3890},"Dike":{"":2342},"testupov":{"":64},"sss":{"":"198"},"anicon":[],"connessioniremote":[],"ebph":[],"balthazar":[],"schermi":{"":1705},"RDLV":{"":2036},"StudiaAustriaca":{"":7255},"quadernidigargnano":{"":2170},"translation":[],"LCdM":{"":1681},"itinera":{"":6485},"concorso":{"":1070},"enthymema":{"":21369},"SSMD":{"":3639},"annalsofmicrobiology":[],"lessicodelcomico":{"":383},"AMonline":{"":45222},"dissertationnursing":[],"irlh":{"":2186},"ACME":{"":7371},"roars":{"":1710},"cross":{"":8861},"disegni":{"":816},"interfaces":{"":2114},"CRIANDO":{"":1422},"asgm":{"":684},"promoitals":{"":31961},"NAD":{"":1335},"food-in":{"":1007},"demusica":{"":2418},"milanlawreview":[],"StudiaTheodisca":{"":9537},"inkoj":{"":1532},"MdE":{"":2569},"haf":{"":1824},"lanx":{"":15959},"carteromanze":{"":21654},"Lebenswelt":{"":7244},"DoctorVirtualis":{"":16601},"aristonothos":{"":3981},"PEML":{"":7495},"RIPS":{"":11396},"tintas":{"":24774},"gilgames":{"":2472}}}