{"202006":{"consonanze":{"":1005},"statoechiese":{"":12899},"groundbreaking":{"":1402},"cinemaetcie":[],"SED":{"":2115},"aoqu":{"":298},"BEO":{"":257},"fenestella":{"":"90"},"noema":{"":8119},"rifanalitica":{"":2726},"Dike":{"":1772},"testupov":{"":67},"sss":{"":"162"},"anicon":[],"connessioniremote":[],"ebph":[],"balthazar":[],"schermi":{"":1338},"RDLV":{"":1949},"StudiaAustriaca":{"":4110},"quadernidigargnano":{"":1500},"translation":[],"LCdM":{"":1321},"itinera":{"":3599},"concorso":{"":1138},"enthymema":{"":20042},"SSMD":{"":5437},"annalsofmicrobiology":[],"lessicodelcomico":{"":354},"AMonline":{"":80594},"dissertationnursing":[],"irlh":{"":2085},"ACME":{"":5942},"roars":{"":1429},"cross":{"":7541},"disegni":{"":608},"interfaces":{"":1953},"CRIANDO":{"":1426},"asgm":{"":1054},"promoitals":{"":28781},"NAD":{"":2958},"food-in":{"":782},"demusica":{"":1802},"milanlawreview":[],"StudiaTheodisca":{"":4992},"inkoj":{"":1022},"MdE":{"":2577},"haf":{"":1430},"lanx":{"":10767},"carteromanze":{"":10387},"Lebenswelt":{"":5667},"DoctorVirtualis":{"":11091},"aristonothos":{"":7681},"PEML":{"":17868},"RIPS":{"":9191},"tintas":{"":8813},"gilgames":{"":1259}}}