{"202007":{"consonanze":{"":896},"statoechiese":{"":15703},"groundbreaking":{"":1435},"cinemaetcie":[],"SED":{"":3406},"aoqu":{"":1214},"BEO":{"":304},"fenestella":{"":"44"},"noema":{"":9098},"rifanalitica":{"":2511},"Dike":{"":1754},"testupov":[],"sss":{"":"162"},"anicon":[],"connessioniremote":{"":2027},"ebph":[],"balthazar":[],"schermi":{"":1330},"RDLV":{"":1846},"StudiaAustriaca":{"":4263},"quadernidigargnano":{"":1521},"translation":[],"LCdM":{"":1785},"itinera":{"":6545},"concorso":{"":979},"enthymema":{"":15698},"SSMD":{"":3399},"annalsofmicrobiology":[],"lessicodelcomico":{"":186},"AMonline":{"":15996},"dissertationnursing":[],"irlh":{"":1591},"ACME":{"":4283},"roars":{"":1406},"cross":{"":5638},"disegni":{"":693},"interfaces":{"":1620},"CRIANDO":{"":1116},"asgm":{"":1175},"promoitals":{"":33744},"NAD":{"":1887},"food-in":{"":789},"demusica":{"":1662},"milanlawreview":[],"StudiaTheodisca":{"":4378},"inkoj":{"":971},"MdE":{"":2559},"haf":{"":2550},"lanx":{"":4866},"carteromanze":{"":7787},"Lebenswelt":{"":5593},"DoctorVirtualis":{"":3405},"aristonothos":{"":4492},"PEML":{"":3208},"RIPS":{"":10148},"tintas":{"":5431},"gilgames":{"":834}}}