{"202009":{"consonanze":{"":1197},"statoechiese":{"":13273},"groundbreaking":{"":1297},"cinemaetcie":[],"SED":{"":1756},"aoqu":{"":311},"BEO":{"":272},"fenestella":{"":73},"noema":{"":7608},"rifanalitica":{"":1772},"Dike":{"":1211},"testupov":{"":17},"sss":{"":"165"},"anicon":[],"connessioniremote":{"":408},"ebph":[],"balthazar":{"":277},"schermi":{"":1980},"RDLV":{"":1729},"StudiaAustriaca":{"":2681},"quadernidigargnano":{"":1197},"translation":[],"LCdM":{"":2491},"itinera":{"":4442},"concorso":{"":739},"enthymema":{"":9751},"SSMD":{"":2152},"annalsofmicrobiology":[],"lessicodelcomico":{"":340},"AMonline":{"":13670},"dissertationnursing":[],"irlh":{"":1918},"ACME":{"":4030},"roars":{"":1056},"cross":{"":5251},"disegni":{"":593},"interfaces":{"":1670},"CRIANDO":{"":1120},"asgm":{"":650},"promoitals":{"":21768},"NAD":{"":1746},"food-in":{"":624},"demusica":{"":2059},"milanlawreview":[],"StudiaTheodisca":{"":3679},"inkoj":{"":631},"MdE":{"":2001},"haf":{"":1492},"lanx":{"":3343},"carteromanze":{"":5375},"Lebenswelt":{"":5051},"DoctorVirtualis":{"":2543},"aristonothos":{"":2598},"PEML":{"":3048},"RIPS":{"":9566},"tintas":{"":2665},"gilgames":{"":791}}}