{
    "202002": {
        "consonanze": {
            "": 761
        },
        "statoechiese": {
            "": 11415
        },
        "groundbreaking": {
            "": 1068
        },
        "cinemaetcie": [],
        "SED": {
            "": 1444
        },
        "aoqu": [],
        "BEO": {
            "": 310
        },
        "fenestella": [],
        "noema": {
            "": 5957
        },
        "rifanalitica": {
            "": 1725
        },
        "Dike": {
            "": 1433
        },
        "testupov": {
            "": "87"
        },
        "sss": [],
        "anicon": [],
        "connessioniremote": [],
        "ebph": [],
        "balthazar": [],
        "schermi": {
            "": 1607
        },
        "RDLV": {
            "": 1601
        },
        "StudiaAustriaca": {
            "": 2604
        },
        "quadernidigargnano": {
            "": 1441
        },
        "translation": [],
        "LCdM": {
            "": 1058
        },
        "itinera": {
            "": 3755
        },
        "concorso": {
            "": 867
        },
        "enthymema": {
            "": 10946
        },
        "SSMD": {
            "": 4761
        },
        "annalsofmicrobiology": [],
        "lessicodelcomico": {
            "": 268
        },
        "AMonline": {
            "": 14698
        },
        "dissertationnursing": [],
        "irlh": [],
        "ACME": {
            "": 4038
        },
        "roars": {
            "": 996
        },
        "cross": {
            "": 5269
        },
        "disegni": {
            "": 752
        },
        "interfaces": {
            "": 1594
        },
        "CRIANDO": {
            "": 676
        },
        "asgm": {
            "": 760
        },
        "promoitals": {
            "": 24180
        },
        "NAD": {
            "": 830
        },
        "food-in": {
            "": 609
        },
        "demusica": {
            "": 2032
        },
        "milanlawreview": [],
        "StudiaTheodisca": {
            "": 2810
        },
        "inkoj": {
            "": 760
        },
        "MdE": {
            "": 1961
        },
        "haf": {
            "": 2344
        },
        "lanx": {
            "": 3383
        },
        "carteromanze": {
            "": 4436
        },
        "Lebenswelt": {
            "": 3996
        },
        "DoctorVirtualis": {
            "": 3214
        },
        "aristonothos": {
            "": 2180
        },
        "PEML": {
            "": 1893
        },
        "RIPS": {
            "": 10193
        },
        "tintas": {
            "": 3405
        },
        "gilgames": {
            "": 882
        }
    }
}
