{"202001":{"consonanze":{"":682},"statoechiese":{"":14314},"groundbreaking":{"":1275},"cinemaetcie":[],"SED":{"":2082},"aoqu":[],"BEO":{"":234},"fenestella":[],"noema":{"":7056},"rifanalitica":{"":3004},"Dike":{"":1614},"testupov":{"":42},"sss":[],"anicon":[],"connessioniremote":[],"ebph":[],"balthazar":[],"schermi":{"":2666},"RDLV":{"":1625},"StudiaAustriaca":{"":3103},"quadernidigargnano":{"":1317},"translation":[],"LCdM":{"":1309},"itinera":{"":6153},"concorso":{"":997},"enthymema":{"":18436},"SSMD":{"":3525},"annalsofmicrobiology":[],"lessicodelcomico":{"":273},"AMonline":{"":20751},"dissertationnursing":[],"irlh":[],"ACME":{"":4893},"roars":{"":1091},"cross":{"":5696},"disegni":{"":749},"interfaces":{"":2378},"CRIANDO":{"":1176},"asgm":{"":1396},"promoitals":{"":35508},"NAD":{"":1390},"food-in":{"":654},"demusica":{"":2007},"milanlawreview":[],"StudiaTheodisca":{"":3387},"inkoj":{"":858},"MdE":{"":3238},"haf":{"":2209},"lanx":{"":3411},"carteromanze":{"":5363},"Lebenswelt":{"":5880},"DoctorVirtualis":{"":4670},"aristonothos":{"":3784},"PEML":{"":2718},"RIPS":{"":11063},"tintas":{"":5508},"gilgames":{"":1138}}}