{"202003":{"consonanze":{"":1091},"statoechiese":{"":13659},"groundbreaking":{"":1257},"cinemaetcie":[],"SED":{"":3453},"aoqu":{"":4},"BEO":{"":352},"fenestella":{"":"3"},"noema":{"":7110},"rifanalitica":{"":2305},"Dike":{"":1443},"testupov":{"":27},"sss":{"":"2"},"anicon":[],"connessioniremote":[],"ebph":[],"balthazar":[],"schermi":{"":1499},"RDLV":{"":1492},"StudiaAustriaca":{"":5341},"quadernidigargnano":{"":1716},"translation":[],"LCdM":{"":1143},"itinera":{"":3778},"concorso":{"":913},"enthymema":{"":17193},"SSMD":{"":3877},"annalsofmicrobiology":[],"lessicodelcomico":{"":352},"AMonline":{"":20918},"dissertationnursing":[],"irlh":{"":58},"ACME":{"":5445},"roars":{"":887},"cross":{"":5675},"disegni":{"":624},"interfaces":{"":1973},"CRIANDO":{"":556},"asgm":{"":840},"promoitals":{"":26445},"NAD":{"":755},"food-in":{"":762},"demusica":{"":2074},"milanlawreview":[],"StudiaTheodisca":{"":5749},"inkoj":{"":754},"MdE":{"":2428},"haf":{"":1840},"lanx":{"":3399},"carteromanze":{"":5816},"Lebenswelt":{"":4909},"DoctorVirtualis":{"":3623},"aristonothos":{"":2684},"PEML":{"":3255},"RIPS":{"":11809},"tintas":{"":3156},"gilgames":{"":1517}}}