{
    "202010": {
        "consonanze": {
            "": 2276
        },
        "statoechiese": {
            "": 14377
        },
        "groundbreaking": {
            "": 1418
        },
        "cinemaetcie": [],
        "SED": {
            "": 4113
        },
        "aoqu": {
            "": 502
        },
        "BEO": {
            "": 357
        },
        "fenestella": {
            "": 341
        },
        "noema": {
            "": 8835
        },
        "rifanalitica": {
            "": 2746
        },
        "Dike": {
            "": 1449
        },
        "testupov": {
            "": 10
        },
        "sss": {
            "": "147"
        },
        "anicon": [],
        "connessioniremote": {
            "": 716
        },
        "ebph": [],
        "balthazar": {
            "": 551
        },
        "schermi": {
            "": 1898
        },
        "RDLV": {
            "": 1982
        },
        "StudiaAustriaca": {
            "": 3285
        },
        "quadernidigargnano": {
            "": 1542
        },
        "translation": [],
        "LCdM": {
            "": 2578
        },
        "itinera": {
            "": 4016
        },
        "concorso": {
            "": 867
        },
        "enthymema": {
            "": 13396
        },
        "SSMD": {
            "": 3954
        },
        "annalsofmicrobiology": [],
        "lessicodelcomico": {
            "": 279
        },
        "AMonline": {
            "": 17774
        },
        "dissertationnursing": [],
        "irlh": {
            "": 2327
        },
        "ACME": {
            "": 4971
        },
        "roars": {
            "": 1427
        },
        "cross": {
            "": 6950
        },
        "disegni": {
            "": 787
        },
        "interfaces": {
            "": 1828
        },
        "CRIANDO": {
            "": 1061
        },
        "asgm": {
            "": 1011
        },
        "promoitals": {
            "": 27115
        },
        "NAD": {
            "": 1316
        },
        "food-in": {
            "": 715
        },
        "demusica": {
            "": 1881
        },
        "milanlawreview": {
            "": 218
        },
        "StudiaTheodisca": {
            "": 3629
        },
        "inkoj": {
            "": 761
        },
        "MdE": {
            "": 2584
        },
        "haf": {
            "": 2407
        },
        "lanx": {
            "": 4891
        },
        "carteromanze": {
            "": 6962
        },
        "Lebenswelt": {
            "": 5015
        },
        "DoctorVirtualis": {
            "": 4623
        },
        "aristonothos": {
            "": 4173
        },
        "PEML": {
            "": 3045
        },
        "RIPS": {
            "": 9253
        },
        "tintas": {
            "": 6581
        },
        "gilgames": {
            "": 927
        }
    }
}
