{"202008":{"consonanze":{"":778},"statoechiese":{"":8702},"groundbreaking":{"":904},"cinemaetcie":[],"SED":{"":1275},"aoqu":{"":396},"BEO":{"":251},"fenestella":{"":"45"},"noema":{"":4716},"rifanalitica":{"":1041},"Dike":{"":1240},"testupov":{"":2},"sss":{"":"184"},"anicon":[],"connessioniremote":{"":644},"ebph":[],"balthazar":[],"schermi":{"":1981},"RDLV":{"":1201},"StudiaAustriaca":{"":2824},"quadernidigargnano":{"":827},"translation":[],"LCdM":{"":1276},"itinera":{"":3872},"concorso":{"":616},"enthymema":{"":8372},"SSMD":{"":1864},"annalsofmicrobiology":[],"lessicodelcomico":{"":155},"AMonline":{"":12596},"dissertationnursing":[],"irlh":{"":1474},"ACME":{"":3326},"roars":{"":1105},"cross":{"":4414},"disegni":{"":399},"interfaces":{"":1213},"CRIANDO":{"":607},"asgm":{"":433},"promoitals":{"":14119},"NAD":{"":1208},"food-in":{"":587},"demusica":{"":1273},"milanlawreview":[],"StudiaTheodisca":{"":3102},"inkoj":{"":681},"MdE":{"":1608},"haf":{"":864},"lanx":{"":2372},"carteromanze":{"":4548},"Lebenswelt":{"":4190},"DoctorVirtualis":{"":2275},"aristonothos":{"":2718},"PEML":{"":2291},"RIPS":{"":9436},"tintas":{"":2402},"gilgames":{"":791}}}